chunk,row,word,glue,onset_sec,frame,timecode,chunk_end_sec
1,1,Hi.,0,0.509,12,00:00:00:12,1.486
2,2,I'm,0,1.486,36,00:00:01:12,3.666
2,2,"Jed,",0,1.773,43,00:00:01:19,3.666
2,2,a,0,2.232,54,00:00:02:06,3.666
2,2,makeup,0,2.518,60,00:00:02:12,3.666
2,2,artist,0,3.092,74,00:00:03:02,3.666
3,2,from,0,3.666,88,00:00:03:16,4.826
3,2,Korea.,0,3.952,95,00:00:03:23,4.826
4,3,Hi.,0,5.513,132,00:00:05:12,6.426
5,4,I'm,0,6.426,154,00:00:06:10,8.261
5,4,"Jed,",0,6.667,160,00:00:06:16,8.261
5,4,a,0,7.054,169,00:00:07:01,8.261
5,4,makeup,0,7.295,175,00:00:07:07,8.261
5,4,artist,0,7.778,186,00:00:07:18,8.261
6,4,from,0,8.261,198,00:00:08:06,9.285
6,4,Korea.,0,8.502,204,00:00:08:12,9.285
7,5,I’ve,0,10.166,244,00:00:10:04,12.079
7,5,been,0,10.549,253,00:00:10:13,12.079
7,5,doing,0,10.931,262,00:00:10:22,12.079
7,5,makeup,0,11.314,271,00:00:11:07,12.079
8,5,for,0,12.079,290,00:00:12:02,14.597
8,5,24,0,12.462,299,00:00:12:11,14.597
8,5,years,0,13.61,326,00:00:13:14,14.597
8,5,"now,",0,13.993,335,00:00:13:23,14.597
9,5,so,0,14.597,350,00:00:14:14,17.722
9,5,looking,0,15.118,362,00:00:15:02,17.722
9,5,back,0,16.159,387,00:00:16:03,17.722
9,5,at,0,16.68,400,00:00:16:16,17.722
9,5,how,0,17.201,412,00:00:17:04,17.722
10,5,I,0,17.722,425,00:00:17:17,20.897
10,5,first,0,18.243,437,00:00:18:05,20.897
10,5,started,0,18.764,450,00:00:18:18,20.897
10,5,feels,0,19.806,475,00:00:19:19,20.897
10,5,like,0,20.351,488,00:00:20:08,20.897
11,5,ancient,0,20.897,501,00:00:20:21,23.926
11,5,history.,0,21.989,527,00:00:21:23,23.926
12,6,"Honestly,",0,24.45,586,00:00:24:10,25.882
12,6,it,0,25.37,608,00:00:25:08,25.882
12,6,wasn't,0,25.626,614,00:00:25:14,25.882
13,6,a,0,25.882,621,00:00:25:21,26.904
13,6,childhood,0,26.137,627,00:00:26:03,26.904
13,6,dream,0,26.649,639,00:00:26:15,26.904
14,6,of,0,26.904,645,00:00:26:21,28.182
14,6,mine,0,27.16,651,00:00:27:03,28.182
14,6,to,0,27.415,657,00:00:27:09,28.182
14,6,become,0,27.671,663,00:00:27:15,28.182
15,6,a,0,28.182,676,00:00:28:04,29.461
15,6,makeup,0,28.438,682,00:00:28:10,29.461
15,6,artist.,0,28.949,694,00:00:28:22,29.461
16,6,I,0,29.461,706,00:00:29:10,30.713
16,6,kind,0,29.711,712,00:00:29:16,30.713
16,6,of,0,29.962,718,00:00:29:22,30.713
16,6,stumbled,0,30.212,724,00:00:30:04,30.713
17,6,into,0,30.713,736,00:00:30:16,32.106
17,6,it,0,31.214,748,00:00:31:04,32.106
17,6,by,0,31.465,754,00:00:31:10,32.106
17,6,"chance,",0,31.715,760,00:00:31:16,32.106
18,6,and,0,32.106,770,00:00:32:02,34.039
18,6,here,0,32.428,777,00:00:32:09,34.039
18,6,I,0,32.75,785,00:00:32:17,34.039
18,6,am,0,33.073,793,00:00:33:01,34.039
18,6,all,0,33.395,801,00:00:33:09,34.039
18,6,these,0,33.717,808,00:00:33:16,34.039
19,6,years,0,34.039,816,00:00:34:00,35.306
19,6,later.,0,34.362,824,00:00:34:08,35.306
20,7,If,0,36.206,868,00:00:36:04,38.474
20,7,you,0,36.66,879,00:00:36:15,38.474
20,7,ask,0,37.113,890,00:00:37:02,38.474
20,7,me,0,37.567,901,00:00:37:13,38.474
20,7,who,0,38.02,912,00:00:38:00,38.474
21,7,influenced,0,38.474,922,00:00:38:10,41.196
21,7,me,0,39.835,955,00:00:39:19,41.196
21,7,the,0,40.288,966,00:00:40:06,41.196
21,7,most,0,40.742,977,00:00:40:17,41.196
22,7,along,0,41.196,988,00:00:41:04,44.286
22,7,the,0,42.103,1009,00:00:42:01,44.286
22,7,"way,",0,42.557,1020,00:00:42:12,44.286
22,7,well...,0,43.01,1031,00:00:42:23,44.286
23,8,It,0,44.286,1062,00:00:44:06,46.986
23,8,would,0,44.736,1073,00:00:44:17,46.986
23,8,be,0,45.186,1083,00:00:45:03,46.986
23,8,the,0,45.636,1094,00:00:45:14,46.986
23,8,mentors,0,46.086,1105,00:00:46:01,46.986
24,8,and,0,46.986,1127,00:00:46:23,49.686
24,8,seniors,0,47.436,1137,00:00:47:09,49.686
24,8,who,0,48.336,1159,00:00:48:07,49.686
24,8,guided,0,48.786,1170,00:00:48:18,49.686
25,8,me,0,49.686,1191,00:00:49:15,52.836
25,8,at,0,50.136,1202,00:00:50:02,52.836
25,8,every,0,50.586,1213,00:00:50:13,52.836
25,8,step,0,51.936,1245,00:00:51:21,52.836
25,8,of,0,52.386,1256,00:00:52:08,52.836
26,8,my,0,52.836,1267,00:00:52:19,54.486
26,8,career.,0,53.286,1278,00:00:53:06,54.486
27,9,But,0,55.146,1322,00:00:55:02,58.236
27,9,at,0,55.764,1337,00:00:55:17,58.236
27,9,the,0,56.382,1352,00:00:56:08,58.236
27,9,end,0,57.0,1367,00:00:56:23,58.236
27,9,of,0,57.618,1381,00:00:57:13,58.236
28,9,the,0,58.236,1396,00:00:58:04,61.698
28,9,"day,",0,58.854,1411,00:00:58:19,61.698
28,9,the,0,59.843,1435,00:00:59:19,61.698
28,9,one,0,60.461,1450,00:01:00:10,61.698
28,9,who,0,61.08,1464,00:01:01:00,61.698
29,9,kept,0,61.698,1479,00:01:01:15,63.886
29,9,me,0,62.01,1487,00:01:01:23,63.886
29,9,going,0,62.323,1494,00:01:02:06,63.886
29,9,for,0,62.635,1502,00:01:02:14,63.886
29,9,24,0,62.948,1509,00:01:02:21,63.886
30,9,years...,0,63.886,1532,00:01:03:20,65.208
30,9,is,0,64.477,1546,00:01:04:10,65.208
30,9,probably,0,64.659,1550,00:01:04:14,65.208
31,9,"myself,",0,65.208,1563,00:01:05:03,66.166
31,9,right?,0,65.683,1575,00:01:05:15,66.166
32,10,After,0,66.966,1606,00:01:06:22,69.676
32,10,doing,0,68.05,1632,00:01:08:00,69.676
32,10,this,0,68.592,1645,00:01:08:13,69.676
32,10,for,0,69.134,1658,00:01:09:02,69.676
33,10,so,0,69.676,1671,00:01:09:15,72.646
33,10,"long,",0,70.218,1684,00:01:10:04,72.646
33,10,I,0,71.031,1703,00:01:10:23,72.646
33,10,realized,0,71.354,1711,00:01:11:07,72.646
33,10,I,0,72.323,1734,00:01:12:06,72.646
34,10,wanted,0,72.646,1742,00:01:12:14,74.907
34,10,to,0,73.292,1757,00:01:13:05,74.907
34,10,do,0,73.615,1765,00:01:13:13,74.907
34,10,something,0,73.938,1773,00:01:13:21,74.907
35,10,more,0,74.907,1796,00:01:14:20,77.167
35,10,exciting,0,75.23,1804,00:01:15:04,77.167
35,10,and,0,76.198,1827,00:01:16:03,77.167
35,10,truly,0,76.521,1835,00:01:16:11,77.167
36,10,helpful,0,77.167,1850,00:01:17:02,79.428
36,10,to,0,77.813,1866,00:01:17:18,79.428
36,10,others,0,78.136,1873,00:01:18:01,79.428
36,10,before,0,78.782,1889,00:01:18:17,79.428
37,10,getting,0,79.428,1904,00:01:19:08,81.526
37,10,any,0,80.074,1920,00:01:20:00,81.526
37,10,older.,0,80.72,1935,00:01:20:15,81.526
38,11,It’s,0,81.526,1955,00:01:21:11,87.638
38,11,definitely,0,82.29,1973,00:01:22:05,87.638
38,11,a,0,86.11,2065,00:01:26:01,87.638
38,11,huge,0,86.874,2083,00:01:26:19,87.638
39,11,"challenge,",0,87.638,2101,00:01:27:13,89.971
39,11,but,0,89.527,2146,00:01:29:10,89.971
39,11,that,0,89.749,2152,00:01:29:16,89.971
40,11,desire,0,89.971,2157,00:01:29:21,91.305
40,11,for,0,90.416,2168,00:01:30:08,91.305
40,11,something,0,90.638,2173,00:01:30:13,91.305
41,11,fresh,0,91.305,2189,00:01:31:05,92.417
41,11,and,0,91.528,2194,00:01:31:10,92.417
41,11,meaningful,0,91.75,2200,00:01:31:16,92.417
42,11,brought,0,92.417,2216,00:01:32:08,94.073
42,11,me,0,92.748,2224,00:01:32:16,94.073
42,11,all,0,93.079,2232,00:01:33:00,94.073
42,11,the,0,93.41,2240,00:01:33:08,94.073
42,11,way,0,93.741,2248,00:01:33:16,94.073
43,11,to,0,94.073,2255,00:01:33:23,95.366
43,11,New,0,94.404,2263,00:01:34:07,95.366
43,11,York.,0,94.735,2271,00:01:34:15,95.366
44,12,Whenever,0,96.286,2309,00:01:36:05,99.002
44,12,I,0,97.45,2336,00:01:37:08,99.002
44,12,do,0,97.838,2346,00:01:37:18,99.002
44,12,makeup,0,98.226,2355,00:01:38:03,99.002
45,12,or,0,99.002,2374,00:01:38:22,101.174
45,12,brush,0,99.39,2383,00:01:39:07,101.174
45,12,"therapy,",0,99.778,2392,00:01:39:16,101.174
46,12,my,0,101.174,2426,00:01:41:02,103.526
46,12,main,0,101.562,2435,00:01:41:11,103.526
46,12,thought,0,101.95,2444,00:01:41:20,103.526
46,12,"is,",0,102.338,2454,00:01:42:06,103.526
47,12,“I,0,103.686,2486,00:01:43:14,105.823
47,12,hope,0,104.113,2496,00:01:44:00,105.823
47,12,this,0,104.541,2506,00:01:44:10,105.823
47,12,person,0,104.968,2517,00:01:44:21,105.823
48,12,leaves,0,105.823,2537,00:01:45:17,108.388
48,12,feeling,0,106.678,2558,00:01:46:14,108.388
48,12,truly,0,107.533,2578,00:01:47:10,108.388
49,12,happy.”,0,108.388,2599,00:01:48:07,110.098
49,12,I,0,109.243,2619,00:01:49:03,110.098
49,12,want,0,109.528,2626,00:01:49:10,110.098
49,12,them,0,109.813,2633,00:01:49:17,110.098
50,12,to,0,110.098,2640,00:01:50:00,111.979
50,12,feel,0,110.383,2647,00:01:50:07,111.979
50,12,more,0,110.668,2653,00:01:50:13,111.979
50,12,"confident,",0,110.953,2660,00:01:50:20,111.979
51,12,"radiant,",0,111.979,2685,00:01:51:21,114.445
51,12,and,0,112.72,2703,00:01:52:15,114.445
51,12,empowered.,0,113.005,2709,00:01:52:21,114.445
52,13,After,0,115.168,2761,00:01:55:01,117.265
52,13,years,0,116.216,2786,00:01:56:02,117.265
52,13,of,0,116.741,2799,00:01:56:15,117.265
53,13,doing,0,117.265,2812,00:01:57:04,118.837
53,13,"makeup,",0,117.789,2824,00:01:57:16,118.837
54,13,I,0,118.837,2849,00:01:58:17,122.054
54,13,started,0,119.297,2860,00:01:59:04,122.054
54,13,focusing,0,120.216,2882,00:02:00:02,122.054
54,13,on,0,121.594,2915,00:02:01:11,122.054
55,13,how,0,122.054,2926,00:02:01:22,124.627
55,13,to,0,122.513,2937,00:02:02:09,124.627
55,13,prep,0,122.973,2948,00:02:02:20,124.627
55,13,the,0,123.432,2959,00:02:03:07,124.627
55,13,skin—,1,123.892,2970,00:02:03:18,124.627
56,13,improving,0,124.627,2988,00:02:04:12,126.741
56,13,"tone,",0,126.006,3021,00:02:05:21,126.741
57,13,"complexion,",0,126.741,3039,00:02:06:15,129.774
57,13,and,0,128.395,3078,00:02:08:06,129.774
57,13,facial,0,128.855,3089,00:02:08:17,129.774
58,13,lines,0,129.774,3111,00:02:09:15,132.531
58,13,before,0,130.693,3133,00:02:10:13,132.531
58,13,applying,0,131.612,3156,00:02:11:12,132.531
59,13,anything.,0,132.531,3178,00:02:12:10,134.83
59,13,"Now,",0,134.129,3216,00:02:14:00,134.83
60,13,I’m,0,134.83,3233,00:02:14:17,137.023
60,13,here,0,135.269,3243,00:02:15:03,137.023
60,13,in,0,135.707,3254,00:02:15:14,137.023
60,13,New,0,136.146,3264,00:02:16:00,137.023
60,13,York,0,136.585,3275,00:02:16:11,137.023
61,13,sharing,0,137.023,3285,00:02:16:21,140.181
61,13,a,0,137.901,3306,00:02:17:18,140.181
61,13,"quick,",0,138.339,3317,00:02:18:05,140.181
61,13,"easy,",0,139.041,3334,00:02:18:22,140.181
62,13,and,0,140.181,3361,00:02:20:01,142.813
62,13,effective,0,140.62,3372,00:02:20:12,142.813
62,13,routine,0,141.936,3403,00:02:21:19,142.813
63,13,that,0,142.813,3424,00:02:22:16,145.306
63,13,anyone,0,143.252,3435,00:02:23:03,145.306
63,13,can,0,144.129,3456,00:02:24:00,145.306
63,13,do.,0,144.567,3466,00:02:24:10,145.306
64,14,When,0,145.846,3497,00:02:25:17,148.889
64,14,I,0,146.353,3509,00:02:26:05,148.889
64,14,first,0,146.86,3521,00:02:26:17,148.889
64,14,came,0,147.367,3533,00:02:27:05,148.889
64,14,to,0,147.875,3545,00:02:27:17,148.889
64,14,NYC,0,148.382,3558,00:02:28:06,148.889
65,14,about,0,148.889,3570,00:02:28:18,153.086
65,14,3,0,149.903,3594,00:02:29:18,153.086
65,14,or,0,150.41,3606,00:02:30:06,153.086
65,14,4,0,150.917,3618,00:02:30:18,153.086
65,14,months,0,151.425,3631,00:02:31:07,153.086
65,14,"ago,",0,151.932,3643,00:02:31:19,153.086
66,14,I,0,153.086,3670,00:02:32:22,157.231
66,14,stayed,0,153.777,3687,00:02:33:15,157.231
66,14,at,0,154.468,3704,00:02:34:08,157.231
66,14,this,0,155.159,3720,00:02:35:00,157.231
66,14,hotel,0,155.85,3737,00:02:35:17,157.231
67,14,for,0,157.231,3770,00:02:37:02,160.986
67,14,over,0,157.922,3786,00:02:37:18,160.986
67,14,two,0,159.304,3819,00:02:39:03,160.986
67,14,weeks.,0,159.995,3836,00:02:39:20,160.986
68,15,And,0,161.686,3877,00:02:41:13,164.026
68,15,when,0,162.076,3886,00:02:41:22,164.026
68,15,I,0,162.466,3895,00:02:42:07,164.026
68,15,went,0,162.856,3905,00:02:42:17,164.026
68,15,back,0,163.246,3914,00:02:43:02,164.026
68,15,to,0,163.636,3923,00:02:43:11,164.026
69,15,"Korea,",0,164.026,3933,00:02:43:21,166.375
69,15,my,0,164.806,3951,00:02:44:15,166.375
69,15,time,0,165.198,3961,00:02:45:01,166.375
69,15,at,0,165.591,3970,00:02:45:10,166.375
69,15,this,0,165.983,3980,00:02:45:20,166.375
70,15,hotel,0,166.375,3989,00:02:46:05,168.337
70,15,was,0,167.16,4008,00:02:47:00,168.337
70,15,what,0,167.552,4017,00:02:47:09,168.337
70,15,stayed,0,167.944,4027,00:02:47:19,168.337
71,15,with,0,168.337,4036,00:02:48:04,170.006
71,15,me,0,168.729,4045,00:02:48:13,170.006
71,15,the,0,169.121,4055,00:02:48:23,170.006
71,15,most.,0,169.514,4064,00:02:49:08,170.006
72,16,To,0,170.006,4076,00:02:49:20,174.419
72,16,"me,",0,170.794,4095,00:02:50:15,174.419
72,16,it,0,172.055,4125,00:02:51:21,174.419
72,16,wasn't,0,172.843,4144,00:02:52:16,174.419
72,16,just,0,173.631,4163,00:02:53:11,174.419
73,16,a,0,174.419,4182,00:02:54:06,177.871
73,16,place,0,175.207,4201,00:02:55:01,177.871
73,16,to,0,175.995,4220,00:02:55:20,177.871
73,16,sleep—,1,176.783,4239,00:02:56:15,177.871
74,16,it,0,177.871,4265,00:02:57:17,180.715
74,16,was,0,178.489,4279,00:02:58:07,180.715
74,16,"stylish,",0,179.107,4294,00:02:58:22,180.715
75,16,"welcoming,",0,180.715,4333,00:03:00:13,184.177
75,16,and,0,182.941,4386,00:03:02:18,184.177
75,16,brought,0,183.559,4401,00:03:03:09,184.177
76,16,me,0,184.177,4416,00:03:04:00,187.269
76,16,so,0,184.796,4431,00:03:04:15,187.269
76,16,much,0,185.414,4445,00:03:05:05,187.269
76,16,joy,0,186.032,4460,00:03:05:20,187.269
76,16,and,0,186.651,4475,00:03:06:11,187.269
77,16,wonderful,0,187.269,4490,00:03:07:02,191.279
77,16,memories.,0,189.124,4534,00:03:08:22,191.279
78,16,So,0,191.279,4586,00:03:11:02,192.632
78,16,I,0,191.504,4592,00:03:11:08,192.632
78,16,teamed,0,191.73,4597,00:03:11:13,192.632
78,16,up,0,192.181,4608,00:03:12:00,192.632
78,16,with,0,192.407,4613,00:03:12:05,192.632
79,16,them,0,192.632,4619,00:03:12:11,194.437
79,16,for,0,192.858,4624,00:03:12:16,194.437
79,16,a,0,193.084,4629,00:03:12:21,194.437
79,16,"collaboration,",0,193.309,4635,00:03:13:03,194.437
80,16,bringing,0,194.437,4662,00:03:14:06,198.453
80,16,together,0,195.585,4689,00:03:15:09,198.453
80,16,hotel,0,197.306,4731,00:03:17:03,198.453
81,16,guests,0,198.453,4758,00:03:18:06,200.748
81,16,and,0,199.027,4772,00:03:18:20,200.748
81,16,beauty,0,199.601,4786,00:03:19:10,200.748
82,16,lovers,0,200.748,4813,00:03:20:13,204.765
82,16,for,0,201.896,4841,00:03:21:17,204.765
82,16,an,0,202.47,4854,00:03:22:06,204.765
82,16,exciting,0,203.043,4868,00:03:22:20,204.765
83,16,new,0,204.765,4909,00:03:24:13,206.786
83,16,project.,0,205.338,4923,00:03:25:03,206.786
84,17,If,0,207.566,4977,00:03:27:09,212.254
84,17,I,0,208.236,4993,00:03:28:01,212.254
84,17,had,0,208.905,5009,00:03:28:17,212.254
84,17,to,0,209.575,5025,00:03:29:09,212.254
84,17,sum,0,210.245,5041,00:03:30:01,212.254
84,17,up,0,210.914,5057,00:03:30:17,212.254
84,17,this,0,211.584,5073,00:03:31:09,212.254
85,17,place,0,212.254,5089,00:03:32:01,215.233
85,17,in,0,212.924,5105,00:03:32:17,215.233
85,17,one,0,213.593,5121,00:03:33:09,215.233
85,17,phrase...,0,214.263,5137,00:03:34:01,215.233
86,17,how,0,215.233,5160,00:03:35:00,219.066
86,17,should,0,215.939,5177,00:03:35:17,219.066
86,17,I,0,216.646,5194,00:03:36:10,219.066
86,17,put,0,217.353,5211,00:03:37:03,219.066
86,17,it?,0,218.059,5228,00:03:37:20,219.066
87,18,It's,0,222.714,5340,00:03:42:12,225.218
87,18,the,0,223.131,5350,00:03:42:22,225.218
87,18,perfect,0,223.549,5360,00:03:43:08,225.218
87,18,mix,0,224.383,5380,00:03:44:04,225.218
87,18,of,0,224.801,5390,00:03:44:14,225.218
88,18,trendy,0,225.218,5400,00:03:45:00,226.888
88,18,and,0,226.053,5420,00:03:45:20,226.888
88,18,warm.,0,226.47,5430,00:03:46:06,226.888
89,19,"Actually,",0,226.888,5440,00:03:46:16,229.44
89,19,I,0,228.28,5473,00:03:48:01,229.44
89,19,just,0,228.667,5483,00:03:48:11,229.44
89,19,thought,0,229.054,5492,00:03:48:20,229.44
90,19,of,0,229.44,5501,00:03:49:05,230.214
90,19,it—,0,229.827,5510,00:03:49:14,230.214
91,20,It,0,230.214,5520,00:03:50:00,231.943
91,20,feels,0,230.56,5528,00:03:50:08,231.943
91,20,like,0,230.905,5536,00:03:50:16,231.943
91,20,a,0,231.251,5544,00:03:51:00,231.943
91,20,best,0,231.597,5553,00:03:51:09,231.943
92,20,friend's,0,231.943,5561,00:03:51:17,232.934
92,20,house.,0,232.288,5569,00:03:52:01,232.934
93,21,When,0,233.891,5608,00:03:53:16,234.873
93,21,I,0,234.054,5612,00:03:53:20,234.873
93,21,first,0,234.218,5616,00:03:54:00,234.873
93,21,"arrived,",0,234.382,5620,00:03:54:04,234.873
94,21,I,0,234.873,5631,00:03:54:15,236.612
94,21,honestly,0,235.102,5637,00:03:54:21,236.612
94,21,"wondered,",0,235.788,5653,00:03:55:13,236.612
95,21,“Is,0,236.612,5673,00:03:56:09,238.514
95,21,this,0,236.841,5679,00:03:56:15,238.514
95,21,really,0,237.07,5684,00:03:56:20,238.514
95,21,a,0,237.528,5695,00:03:57:07,238.514
95,21,hotel?”,0,237.756,5700,00:03:57:12,238.514
96,22,I,0,239.334,5738,00:03:59:02,242.21
96,22,was,0,239.813,5750,00:03:59:14,242.21
96,22,so,0,240.293,5761,00:04:00:01,242.21
96,22,surprised,0,240.772,5773,00:04:00:13,242.21
97,22,because,0,242.21,5807,00:04:01:23,243.058
97,22,it,0,242.634,5817,00:04:02:09,243.058
97,22,was,0,242.846,5822,00:04:02:14,243.058
98,22,completely,0,243.058,5828,00:04:02:20,244.54
98,22,different,0,243.905,5848,00:04:03:16,244.54
99,22,from,0,244.54,5863,00:04:04:07,245.811
99,22,any,0,244.752,5868,00:04:04:12,245.811
99,22,hotel,0,245.176,5878,00:04:04:22,245.811
99,22,I'd,0,245.599,5888,00:04:05:08,245.811
100,22,experienced,0,245.811,5894,00:04:05:14,247.506
100,22,in,0,246.659,5914,00:04:06:10,247.506
100,22,Korea,0,246.87,5919,00:04:06:15,247.506
100,22,or,0,247.294,5929,00:04:07:01,247.506
101,22,anywhere,0,247.506,5934,00:04:07:06,248.653
101,22,else.,0,248.141,5949,00:04:07:21,248.653
102,23,It,0,249.154,5974,00:04:08:22,250.648
102,23,felt,0,249.367,5979,00:04:09:03,250.648
102,23,less,0,249.581,5984,00:04:09:08,250.648
102,23,like,0,249.794,5989,00:04:09:13,250.648
102,23,a,0,250.008,5994,00:04:09:18,250.648
102,23,hotel,0,250.221,5999,00:04:09:23,250.648
103,23,and,0,250.648,6010,00:04:10:10,252.057
103,23,more,0,250.862,6015,00:04:10:15,252.057
103,23,like,0,251.075,6020,00:04:10:20,252.057
103,23,a,0,251.289,6025,00:04:11:01,252.057
103,23,"cozy,",0,251.502,6030,00:04:11:06,252.057
104,23,inviting,0,252.057,6043,00:04:11:19,252.911
104,23,space.,0,252.698,6059,00:04:12:11,252.911
105,24,It,0,252.911,6064,00:04:12:16,255.158
105,24,made,0,253.36,6075,00:04:13:03,255.158
105,24,me,0,253.81,6085,00:04:13:13,255.158
105,24,wonder,0,254.259,6096,00:04:14:00,255.158
106,24,what,0,255.158,6118,00:04:14:22,258.098
106,24,made,0,255.607,6128,00:04:15:08,258.098
106,24,it,0,256.056,6139,00:04:15:19,258.098
106,24,so,0,256.506,6150,00:04:16:06,258.098
106,24,special.,0,256.955,6161,00:04:16:17,258.098
107,24,In,0,258.098,6188,00:04:17:20,259.112
107,24,a,0,258.379,6195,00:04:18:03,259.112
107,24,"way,",0,258.661,6202,00:04:18:10,259.112
108,24,this,0,259.112,6212,00:04:18:20,261.364
108,24,hotel,0,259.393,6219,00:04:19:03,261.364
108,24,is,0,259.956,6233,00:04:19:17,261.364
108,24,the,0,260.238,6239,00:04:19:23,261.364
108,24,reason,0,260.52,6246,00:04:20:06,261.364
108,24,I,0,261.083,6260,00:04:20:20,261.364
109,24,fell,0,261.364,6266,00:04:21:02,263.354
109,24,in,0,261.646,6273,00:04:21:09,263.354
109,24,love,0,261.928,6280,00:04:21:16,263.354
109,24,with,0,262.209,6287,00:04:21:23,263.354
109,24,SoHo.,0,262.491,6293,00:04:22:05,263.354
110,25,I,0,265.658,6369,00:04:25:09,268.929
110,25,feel,0,266.312,6385,00:04:26:01,268.929
110,25,like,0,266.966,6401,00:04:26:17,268.929
110,25,my,0,267.621,6416,00:04:27:08,268.929
110,25,long,0,268.275,6432,00:04:28:00,268.929
111,25,career,0,268.929,6448,00:04:28:16,272.2
111,25,in,0,270.237,6479,00:04:29:23,272.2
111,25,makeup,0,270.892,6495,00:04:30:15,272.2
112,25,isn't,0,272.2,6526,00:04:31:22,274.817
112,25,just,0,272.854,6542,00:04:32:14,274.817
112,25,about,0,273.508,6558,00:04:33:06,274.817
113,25,applying,0,274.817,6589,00:04:34:13,277.733
113,25,products—,1,276.125,6620,00:04:35:20,277.733
114,25,it's,0,277.733,6659,00:04:37:11,282.736
114,25,a,0,278.567,6679,00:04:38:07,282.736
114,25,gift,0,279.401,6699,00:04:39:03,282.736
114,25,I,0,280.235,6719,00:04:39:23,282.736
114,25,can,0,281.069,6739,00:04:40:19,282.736
114,25,share,0,281.903,6759,00:04:41:15,282.736
115,25,with,0,282.736,6779,00:04:42:11,285.538
115,25,others.,0,283.57,6799,00:04:43:07,285.538
116,26,Everyone—,1,286.258,6863,00:04:45:23,288.154
116,26,women,0,287.477,6893,00:04:47:05,288.154
117,26,and,0,288.154,6909,00:04:47:21,289.711
117,26,men,0,288.493,6917,00:04:48:05,289.711
117,26,alike—,1,288.831,6925,00:04:48:13,289.711
118,26,wants,0,289.711,6946,00:04:49:10,291.743
118,26,to,0,290.05,6954,00:04:49:18,291.743
118,26,feel,0,290.388,6962,00:04:50:02,291.743
118,26,beautiful,0,290.727,6970,00:04:50:10,291.743
119,26,in,0,291.743,6995,00:04:51:11,293.397
119,26,their,0,292.081,7003,00:04:51:19,293.397
119,26,own,0,292.42,7011,00:04:52:03,293.397
119,26,skin.,0,292.758,7019,00:04:52:11,293.397
120,27,Everyone,0,293.858,7046,00:04:53:14,295.413
120,27,wants,0,294.791,7068,00:04:54:12,295.413
120,27,to,0,295.102,7075,00:04:54:19,295.413
121,27,feel,0,295.413,7083,00:04:55:03,296.957
121,27,beautiful.,0,295.724,7090,00:04:55:10,296.957
122,28,Being,0,297.418,7131,00:04:57:03,300.254
122,28,able,0,297.891,7142,00:04:57:14,300.254
122,28,to,0,298.836,7165,00:04:58:13,300.254
122,28,play,0,299.309,7176,00:04:59:00,300.254
122,28,a,0,299.781,7188,00:04:59:12,300.254
123,28,small,0,300.254,7199,00:04:59:23,302.618
123,28,part,0,300.727,7210,00:05:00:10,302.618
123,28,in,0,301.2,7222,00:05:00:22,302.618
123,28,helping,0,301.672,7233,00:05:01:09,302.618
124,28,people,0,302.618,7256,00:05:02:08,304.981
124,28,feel,0,303.563,7278,00:05:03:06,304.981
124,28,that,0,304.036,7290,00:05:03:18,304.981
124,28,way,0,304.508,7301,00:05:04:05,304.981
125,28,is,0,304.981,7312,00:05:04:16,307.418
125,28,deeply,0,305.337,7321,00:05:05:01,307.418
125,28,fulfilling.,0,306.05,7338,00:05:05:18,307.418
126,29,Seeing,0,308.271,7391,00:05:07:23,311.448
126,29,the,0,308.8,7404,00:05:08:12,311.448
126,29,happiness,0,309.33,7416,00:05:09:00,311.448
126,29,on,0,310.918,7455,00:05:10:15,311.448
127,29,their,0,311.448,7467,00:05:11:03,314.125
127,29,faces,0,311.977,7480,00:05:11:16,314.125
127,29,brings,0,313.036,7505,00:05:12:17,314.125
127,29,me,0,313.399,7514,00:05:13:02,314.125
127,29,so,0,313.762,7523,00:05:13:11,314.125
128,29,much,0,314.125,7531,00:05:13:19,315.878
128,29,joy,0,314.488,7540,00:05:14:04,315.878
128,29,and,0,314.852,7549,00:05:14:13,315.878
128,29,pride.,0,315.215,7558,00:05:14:22,315.878
129,30,I’ve,0,316.057,7578,00:05:15:18,317.608
129,30,learned,0,316.445,7587,00:05:16:03,317.608
129,30,that,0,317.22,7606,00:05:16:22,317.608
130,30,happiness,0,317.608,7615,00:05:17:07,319.16
130,30,isn’t,0,318.772,7643,00:05:18:11,319.16
131,30,complicated—,1,319.16,7652,00:05:18:20,321.557
131,30,when,0,320.712,7689,00:05:20:09,321.557
131,30,you,0,321.135,7700,00:05:20:20,321.557
132,30,bring,0,321.557,7710,00:05:21:06,324.094
132,30,joy,0,321.98,7720,00:05:21:16,324.094
132,30,to,0,322.403,7730,00:05:22:02,324.094
132,30,someone,0,322.826,7740,00:05:22:12,324.094
132,30,"else,",0,323.671,7760,00:05:23:08,324.094
133,30,that,0,324.094,7770,00:05:23:18,327.309
133,30,joy,0,324.737,7786,00:05:24:10,327.309
133,30,comes,0,325.38,7801,00:05:25:01,327.309
133,30,right,0,326.666,7832,00:05:26:08,327.309
134,30,back,0,327.309,7848,00:05:27:00,329.318
134,30,to,0,327.952,7863,00:05:27:15,329.318
134,30,you.,0,328.595,7878,00:05:28:06,329.318
135,31,I’m,0,329.318,7896,00:05:29:00,331.636
135,31,so,0,329.704,7905,00:05:29:09,331.636
135,31,grateful,0,330.091,7914,00:05:29:18,331.636
135,31,to,0,331.25,7942,00:05:30:22,331.636
136,31,UNTITLED,0,331.636,7951,00:05:31:07,334.341
136,31,at,0,332.795,7979,00:05:32:11,334.341
136,31,3,0,333.182,7988,00:05:32:20,334.341
136,31,Freeman,0,333.568,7998,00:05:33:06,334.341
137,31,Alley,0,334.341,8016,00:05:34:00,337.045
137,31,for,0,335.113,8035,00:05:34:19,337.045
137,31,giving,0,335.5,8044,00:05:35:04,337.045
137,31,me,0,336.272,8062,00:05:35:22,337.045
137,31,the,0,336.659,8072,00:05:36:08,337.045
138,31,opportunity,0,337.045,8081,00:05:36:17,339.749
138,31,to,0,338.977,8127,00:05:38:15,339.749
138,31,take,0,339.363,8137,00:05:39:01,339.749
139,31,on,0,339.749,8146,00:05:39:10,341.681
139,31,this,0,340.136,8155,00:05:39:19,341.681
139,31,new,0,340.522,8164,00:05:40:04,341.681
139,31,challenge,0,340.909,8174,00:05:40:14,341.681
140,31,in,0,341.681,8192,00:05:41:08,343.999
140,31,a,0,342.068,8201,00:05:41:17,343.999
140,31,foreign,0,342.454,8211,00:05:42:03,343.999
140,31,city.,0,343.227,8229,00:05:42:21,343.999
141,31,I,0,343.999,8248,00:05:43:16,346.034
141,31,really,0,344.338,8256,00:05:44:00,346.034
141,31,hope,0,345.017,8272,00:05:44:16,346.034
141,31,we,0,345.356,8280,00:05:45:00,346.034
141,31,can,0,345.695,8288,00:05:45:08,346.034
142,31,continue,0,346.034,8297,00:05:45:17,347.39
142,31,to,0,346.712,8313,00:05:46:09,347.39
142,31,create,0,347.051,8321,00:05:46:17,347.39
143,31,even,0,347.39,8329,00:05:47:01,349.425
143,31,more,0,348.069,8345,00:05:47:17,349.425
143,31,amazing,0,348.408,8353,00:05:48:01,349.425
144,31,collaborations,0,349.425,8378,00:05:49:02,352.438
144,31,together.,0,351.121,8418,00:05:50:18,352.438
